{
  "images" : [
    {
      "filename" : "exit-icon-logout-icon-white-11553464013pqexursu2s.png",
      "idiom" : "universal",
      "scale" : "1x"
    },
    {
      "filename" : "exit-icon-logout-icon-white-11553464013pqexursu2s@2x.png",
      "idiom" : "universal",
      "scale" : "2x"
    },
    {
      "filename" : "exit-icon-logout-icon-white-11553464013pqexursu2s@3x.png",
      "idiom" : "universal",
      "scale" : "3x"
    }
  ],
  "info" : {
    "author" : "xcode",
    "version" : 1
  }
}
