{
  "images" : [
    {
      "filename" : "paper-receipt-icon-simple-style-illustration-vector-web-design-isolated-white-background-156329654.png",
      "idiom" : "universal",
      "scale" : "1x"
    },
    {
      "filename" : "paper-receipt-icon-simple-style-illustration-vector-web-design-isolated-white-background-156329654@2x.png",
      "idiom" : "universal",
      "scale" : "2x"
    },
    {
      "filename" : "paper-receipt-icon-simple-style-illustration-vector-web-design-isolated-white-background-156329654@3x.png",
      "idiom" : "universal",
      "scale" : "3x"
    }
  ],
  "info" : {
    "author" : "xcode",
    "version" : 1
  }
}
